[null,{"name":"help","permissions":"NONE","restriction":"1","actions":[{"channel":"0","varName":"","message":"Send pill_dickle, the creator of this bot any messages with an upcoming command.\n```\nhelp                 Lists available commands\n**GETTING COMMANDS**\nget_avatar           Sends the user's avatar image\nget_usercard         Sends avatar with username on it\nget_image            Sends the image from the URL\nget_server           Finds a server the bot is in, by name.\nget_servericon       Gets the icon of the server it is in.\n**IMAGE EDITING COMMANDS**\nedit_invert          Inverts the image linked in the URL\nedit_rotate          Rotates the image 120 degrees\nedit_resize          Shrinks the image by 50%\nedit_text            Adds text to top of screen. Improvement soon.\n**IMAGE EFFECTS**\nfx_sepia             Adds sepia filter to image\nfx_dither            Adds dithering effect to image\nfx_greyscale         Makes image in url look like old movies\nfx_normalize         Adds normalizing to your photo\nfx_blur              Adds a blur to you image, like frosted glass\nfx_imageonimage      Adds two images together.\nfx_remove_transparency\n**FUN COMMANDS**\nfun_jon_yell         Makes jon in garfield say anything you input\nfun_steakpun         Gives you a random steak pun. Ping me to request one.\nfun_btext            Replaces \"b\" with \"🅱️\"\n**BETA COMMANDS**\nTHESE COMMANDS DO NOT WORK YET\nedit_emote_adminonly\n```","storage":"0","varName2":"","name":"Send Message"}]},{"name":"get_avatar","permissions":"NONE","restriction":"1","actions":[{"member":"1","varName":"","storage":"1","varName2":"img","name":"Create Image from Avatar"},{"storage":"1","varName":"img","channel":"0","varName2":"","message":"","name":"Send Image"}]},{"name":"get_usercard","permissions":"NONE","restriction":"1","actions":[{"member":"1","varName":"","storage":"1","varName2":"img","name":"Create Image from Avatar"},{"storage":"1","varName":"img","width":"200","height":"200","name":"Resize Image"},{"member":"1","varName":"","info":"2","storage":"1","varName2":"username","name":"Store Member Info"},{"storage":"1","varName":"img","x":"10","y":"10","font":"fonts/Asimov.fnt","width":"180","text":"${tempVars(\"username\")}","name":"Draw Text on Image"},{"storage":"1","varName":"img","channel":"0","varName2":"","message":"","name":"Send Image"}]},{"name":"get_image","permissions":"NONE","restriction":"1","actions":[{"condition":"0","comparison":"0","value":"1","iftrue":"3","iftrueVal":"2","iffalse":"0","iffalseVal":"2","name":"Check Parameters"},{"channel":"0","varName":"","message":"```\nPlease include a URL to an image in order to use this command!\n!GetImage [url]\n```","storage":"0","varName2":"","name":"Send Message"},{"name":"End Action Sequence"},{"info":"0","infoIndex":"1","storage":"1","varName":"url","name":"Store Command Params"},{"url":"${tempVars(\"url\")}","storage":"1","varName":"img","name":"Create Image"},{"storage":"1","varName":"img","comparison":"0","value":"","iftrue":"3","iftrueVal":"2","iffalse":"0","iffalseVal":"","name":"Check Variable"},{"channel":"0","varName":"","message":"```\nPlease make sure the URL links directly to an image!\n```","storage":"0","varName2":"","name":"Send Message"},{"name":"End Action Sequence"},{"storage":"1","varName":"img","channel":"0","varName2":"","message":"","name":"Send Image"}]},{"name":"edit_invert","permissions":"NONE","restriction":"1","actions":[{"condition":"0","comparison":"0","value":"1","iftrue":"3","iftrueVal":"2","iffalse":"0","iffalseVal":"2","name":"Check Parameters"},{"channel":"0","varName":"","message":"```\nPlease include a URL to an image in order to use this command!\n!InvertImage [url]\n```","storage":"0","varName2":"","name":"Send Message"},{"name":"End Action Sequence"},{"info":"0","infoIndex":"1","storage":"1","varName":"url","name":"Store Command Params"},{"url":"${tempVars(\"url\")}","storage":"1","varName":"img","name":"Create Image"},{"storage":"1","varName":"img","comparison":"0","value":"","iftrue":"3","iftrueVal":"2","iffalse":"0","iffalseVal":"","name":"Check Variable"},{"channel":"0","varName":"","message":"```\nPlease make sure the URL links directly to an image!\n```","storage":"0","varName2":"","name":"Send Message"},{"name":"End Action Sequence"},{"storage":"1","varName":"img","effect":"1","name":"Apply Image Effect"},{"storage":"1","varName":"img","channel":"0","varName2":"","message":"","name":"Send Image"}]},{"name":"edit_rotate","permissions":"NONE","restriction":"1","actions":[{"condition":"0","comparison":"0","value":"1","iftrue":"3","iftrueVal":"2","iffalse":"0","iffalseVal":"2","name":"Check Parameters"},{"channel":"0","varName":"","message":"```\nPlease include a URL to an image in order to use this command!\n!RotateImage [url]\n```","storage":"0","varName2":"","name":"Send Message"},{"name":"End Action Sequence"},{"info":"0","infoIndex":"1","storage":"1","varName":"url","name":"Store Command Params"},{"url":"${tempVars(\"url\")}","storage":"1","varName":"img","name":"Create Image"},{"storage":"1","varName":"img","comparison":"0","value":"","iftrue":"3","iftrueVal":"2","iffalse":"0","iffalseVal":"","name":"Check Variable"},{"channel":"0","varName":"","message":"```\nPlease make sure the URL links directly to an image!\n```","storage":"0","varName2":"","name":"Send Message"},{"name":"End Action Sequence"},{"storage":"1","varName":"img","rotation":"120","mirror":"0","name":"Rotate Image"},{"storage":"1","varName":"img","channel":"0","varName2":"","message":"","name":"Send Image"}]},{"name":"edit_resize","permissions":"NONE","restriction":"1","actions":[{"condition":"0","comparison":"0","value":"1","iftrue":"3","iftrueVal":"2","iffalse":"0","iffalseVal":"2","name":"Check Parameters"},{"channel":"0","varName":"","message":"```\nPlease include a URL to an image in order to use this command!\n!ResizeImage [url]\n```","storage":"0","varName2":"","name":"Send Message"},{"name":"End Action Sequence"},{"info":"0","infoIndex":"1","storage":"1","varName":"url","name":"Store Command Params"},{"url":"${tempVars(\"url\")}","storage":"1","varName":"img","name":"Create Image"},{"storage":"1","varName":"img","comparison":"0","value":"","iftrue":"3","iftrueVal":"2","iffalse":"0","iffalseVal":"","name":"Check Variable"},{"channel":"0","varName":"","message":"```\nPlease make sure the URL links directly to an image!\n```","storage":"0","varName2":"","name":"Send Message"},{"name":"End Action Sequence"},{"storage":"1","varName":"img","width":"50%","height":"50%","name":"Resize Image"},{"storage":"1","varName":"img","channel":"0","varName2":"","message":"","name":"Send Image"}]},{"name":"fx_sepia","permissions":"NONE","restriction":"1","actions":[{"condition":"0","comparison":"0","value":"1","iftrue":"3","iftrueVal":"2","iffalse":"0","iffalseVal":"2","name":"Check Parameters"},{"channel":"0","varName":"","message":"```\nPlease include a URL to an image in order to use this command!\n!ResizeImage [url]\n```","storage":"0","varName2":"","name":"Send Message"},{"name":"End Action Sequence"},{"info":"0","infoIndex":"1","storage":"1","varName":"url","name":"Store Command Params"},{"url":"${tempVars(\"url\")}","storage":"1","varName":"img","name":"Create Image"},{"storage":"1","varName":"img","comparison":"0","value":"","iftrue":"3","iftrueVal":"2","iffalse":"0","iffalseVal":"","name":"Check Variable"},{"channel":"0","varName":"","message":"```\nPlease make sure the URL links directly to an image!\n```","storage":"0","varName2":"","name":"Send Message"},{"name":"End Action Sequence"},{"storage":"1","varName":"img","effect":"6","name":"Apply Image Effect"},{"storage":"1","varName":"img","channel":"0","varName2":"","message":"","name":"Send Image"}]},{"name":"fx_invert","permissions":"NONE","restriction":"1","actions":[{"condition":"0","comparison":"0","value":"1","iftrue":"3","iftrueVal":"2","iffalse":"0","iffalseVal":"2","name":"Check Parameters"},{"channel":"0","varName":"","message":"```\nPlease include a URL to an image in order to use this command!\n!ResizeImage [url]\n```","storage":"0","varName2":"","name":"Send Message"},{"name":"End Action Sequence"},{"info":"0","infoIndex":"1","storage":"1","varName":"url","name":"Store Command Params"},{"url":"${tempVars(\"url\")}","storage":"1","varName":"img","name":"Create Image"},{"storage":"1","varName":"img","comparison":"0","value":"","iftrue":"3","iftrueVal":"2","iffalse":"0","iffalseVal":"","name":"Check Variable"},{"channel":"0","varName":"","message":"```\nPlease make sure the URL links directly to an image!\n```","storage":"0","varName2":"","name":"Send Message"},{"name":"End Action Sequence"},{"storage":"1","varName":"img","effect":"1","name":"Apply Image Effect"},{"storage":"1","varName":"img","channel":"0","varName2":"","message":"","name":"Send Image"}]},{"name":"fx_dither","permissions":"NONE","restriction":"1","actions":[{"condition":"0","comparison":"0","value":"1","iftrue":"3","iftrueVal":"2","iffalse":"0","iffalseVal":"2","name":"Check Parameters"},{"channel":"0","varName":"","message":"```\nPlease include a URL to an image in order to use this command!\n!ResizeImage [url]\n```","storage":"0","varName2":"","name":"Send Message"},{"name":"End Action Sequence"},{"info":"0","infoIndex":"1","storage":"1","varName":"url","name":"Store Command Params"},{"url":"${tempVars(\"url\")}","storage":"1","varName":"img","name":"Create Image"},{"storage":"1","varName":"img","comparison":"0","value":"","iftrue":"3","iftrueVal":"2","iffalse":"0","iffalseVal":"","name":"Check Variable"},{"channel":"0","varName":"","message":"```\nPlease make sure the URL links directly to an image!\n```","storage":"0","varName2":"","name":"Send Message"},{"name":"End Action Sequence"},{"storage":"1","varName":"img","effect":"7","name":"Apply Image Effect"},{"storage":"1","varName":"img","channel":"0","varName2":"","message":"","name":"Send Image"}]},{"name":"fx_greyscale","permissions":"NONE","restriction":"1","actions":[{"condition":"0","comparison":"0","value":"1","iftrue":"3","iftrueVal":"2","iffalse":"0","iffalseVal":"2","name":"Check Parameters"},{"channel":"0","varName":"","message":"```\nPlease include a URL to an image in order to use this command!\n!ResizeImage [url]\n```","storage":"0","varName2":"","name":"Send Message"},{"name":"End Action Sequence"},{"info":"0","infoIndex":"1","storage":"1","varName":"url","name":"Store Command Params"},{"url":"${tempVars(\"url\")}","storage":"1","varName":"img","name":"Create Image"},{"storage":"1","varName":"img","comparison":"0","value":"","iftrue":"3","iftrueVal":"2","iffalse":"0","iffalseVal":"","name":"Check Variable"},{"channel":"0","varName":"","message":"```\nPlease make sure the URL links directly to an image!\n```","storage":"0","varName2":"","name":"Send Message"},{"name":"End Action Sequence"},{"storage":"1","varName":"img","effect":"0","name":"Apply Image Effect"},{"storage":"1","varName":"img","channel":"0","varName2":"","message":"","name":"Send Image"}]},{"name":"fx_normalize","permissions":"NONE","restriction":"1","actions":[{"condition":"0","comparison":"0","value":"1","iftrue":"3","iftrueVal":"2","iffalse":"0","iffalseVal":"2","name":"Check Parameters"},{"channel":"0","varName":"","message":"```\nPlease include a URL to an image in order to use this command!\n!ResizeImage [url]\n```","storage":"0","varName2":"","name":"Send Message"},{"name":"End Action Sequence"},{"info":"0","infoIndex":"1","storage":"1","varName":"url","name":"Store Command Params"},{"url":"${tempVars(\"url\")}","storage":"1","varName":"img","name":"Create Image"},{"storage":"1","varName":"img","comparison":"0","value":"","iftrue":"3","iftrueVal":"2","iffalse":"0","iffalseVal":"","name":"Check Variable"},{"channel":"0","varName":"","message":"```\nPlease make sure the URL links directly to an image!\n```","storage":"0","varName2":"","name":"Send Message"},{"name":"End Action Sequence"},{"storage":"1","varName":"img","effect":"2","name":"Apply Image Effect"},{"storage":"1","varName":"img","channel":"0","varName2":"","message":"","name":"Send Image"}]},{"name":"fx_blur","permissions":"NONE","restriction":"1","actions":[{"condition":"0","comparison":"0","value":"1","iftrue":"3","iftrueVal":"2","iffalse":"0","iffalseVal":"2","name":"Check Parameters"},{"channel":"0","varName":"","message":"```\nPlease include a URL to an image in order to use this command!\n!ResizeImage [url]\n```","storage":"0","varName2":"","name":"Send Message"},{"name":"End Action Sequence"},{"info":"0","infoIndex":"1","storage":"1","varName":"url","name":"Store Command Params"},{"url":"${tempVars(\"url\")}","storage":"1","varName":"img","name":"Create Image"},{"storage":"1","varName":"img","comparison":"0","value":"","iftrue":"3","iftrueVal":"2","iffalse":"0","iffalseVal":"","name":"Check Variable"},{"channel":"0","varName":"","message":"```\nPlease make sure the URL links directly to an image!\n```","storage":"0","varName2":"","name":"Send Message"},{"name":"End Action Sequence"},{"storage":"1","varName":"img","effect":"4","name":"Apply Image Effect"},{"storage":"1","varName":"img","channel":"0","varName2":"","message":"","name":"Send Image"}]},{"name":"fx_remove_transparency","permissions":"NONE","restriction":"1","actions":[{"condition":"0","comparison":"0","value":"1","iftrue":"3","iftrueVal":"2","iffalse":"0","iffalseVal":"2","name":"Check Parameters"},{"channel":"0","varName":"","message":"```\nPlease include a URL to an image in order to use this command!\n!ResizeImage [url]\n```","storage":"0","varName2":"","name":"Send Message"},{"name":"End Action Sequence"},{"info":"0","infoIndex":"1","storage":"1","varName":"url","name":"Store Command Params"},{"url":"${tempVars(\"url\")}","storage":"1","varName":"img","name":"Create Image"},{"storage":"1","varName":"img","comparison":"0","value":"","iftrue":"3","iftrueVal":"2","iffalse":"0","iffalseVal":"","name":"Check Variable"},{"channel":"0","varName":"","message":"```\nPlease make sure the URL links directly to an image!\n```","storage":"0","varName2":"","name":"Send Message"},{"name":"End Action Sequence"},{"storage":"1","varName":"img","effect":"3","name":"Apply Image Effect"},{"storage":"1","varName":"img","channel":"0","varName2":"","message":"","name":"Send Image"}]},{"name":"fun_jon_yell","permissions":"NONE","restriction":"1","actions":[{"condition":"0","comparison":"2","value":"0","iftrue":"3","iftrueVal":"2","iffalse":"0","iffalseVal":"","name":"Check Parameters"},{"channel":"0","varName":"","message":"Hey. Please enter text after !fun_jon_yell.","storage":"0","varName2":"","name":"Send Message"},{"name":"End Action Sequence"},{"info":"1","infoIndex":"1","storage":"1","varName":"jonsay","name":"Store Command Params"},{"url":"resources/garf1.png","storage":"1","varName":"garf1","name":"Create Image"},{"url":"resources/garf2.png","storage":"1","varName":"garf2","name":"Create Image"},{"storage":"1","varName":"garf1","channel":"0","varName2":"","message":"","name":"Send Image"},{"channel":"0","varName":"","message":"${tempVars(\"jonsay\")}","storage":"0","varName2":"","name":"Send Message"},{"storage":"1","varName":"garf2","channel":"0","varName2":"","message":"","name":"Send Image"}]},{"name":"NewCommand","permissions":"NONE","restriction":"1","actions":[]},{"name":"edit_text","permissions":"NONE","restriction":"1","actions":[{"condition":"0","comparison":"2","value":"0","iftrue":"3","iftrueVal":"2","iffalse":"0","iffalseVal":"","name":"Check Parameters"},{"channel":"0","varName":"","message":"Usage: !fun_meme <imageurl> <text>","storage":"0","varName2":"","name":"Send Message"},{"name":"End Action Sequence"},{"info":"0","infoIndex":"1","storage":"1","varName":"prepic","name":"Store Command Params"},{"info":"1","infoIndex":"2","storage":"1","varName":"memetext","name":"Store Command Params"},{"url":"${tempVars(\"prepic\")}","storage":"1","varName":"pic","name":"Create Image"},{"storage":"1","varName":"pic","x":"0","y":"5","font":"fonts/Asimov.fnt","width":"","text":"${tempVars(\"memetext\")}","name":"Draw Text on Image"},{"storage":"1","varName":"pic","channel":"0","varName2":"","message":"","name":"Send Image"}]},{"name":"get_server","permissions":"NONE","restriction":"1","actions":[{"condition":"0","comparison":"2","value":"0","iftrue":"3","iftrueVal":"2","iffalse":"0","iffalseVal":"","name":"Check Parameters"},{"channel":"0","varName":"","message":"Usage: !get_server <ownerid>\nOnly works in servers bot is in.","storage":"0","varName2":"","name":"Send Message"},{"name":"End Action Sequence"},{"info":"1","infoIndex":"1","storage":"1","varName":"servertext","name":"Store Command Params"},{"info":"1","find":"${tempVars(\"servertext\")}","storage":"1","varName":"serverlist","name":"Find Server"},{"channel":"0","varName":"","message":"The server I found is: ${tempVars(\"serverlist\")}","storage":"3","varName2":"serverlist","name":"Send Message"}]},{"name":"fun_steakpun","permissions":"NONE","restriction":"1","actions":[{"storage":"3","varName":"steakpuns","name":"Create List"},{"storage":"1","varName":"randomnumber","min":"1","max":"10","name":"Generate Random Number"},{"storage":"1","varName":"randomnumber","comparison":"2","value":"1","iftrue":"0","iftrueVal":"5","iffalse":"2","iffalseVal":"5","name":"Check Variable"},{"channel":"0","varName":"","message":"Steak puns are well done.","storage":"0","varName2":"","name":"Send Message"},{"storage":"1","varName":"randomnumber","comparison":"2","value":"2","iftrue":"0","iftrueVal":"","iffalse":"2","iffalseVal":"7","name":"Check Variable"},{"channel":"0","varName":"","message":"Allowing me to grill meat is a misteak.","storage":"0","varName2":"","name":"Send Message"},{"storage":"1","varName":"","comparison":"2","value":"3","iftrue":"0","iftrueVal":"1","iffalse":"2","iffalseVal":"9","name":"Check Variable"},{"channel":"0","varName":"","message":"Becoming a vegetarian is a huge missed steak","storage":"0","varName2":"","name":"Send Message"},{"storage":"1","varName":"","comparison":"2","value":"4","iftrue":"0","iftrueVal":"1","iffalse":"2","iffalseVal":"11","name":"Check Variable"},{"channel":"0","varName":"","message":"We don't just meat expectations when grilling, we exceed them.","storage":"0","varName2":"","name":"Send Message"},{"storage":"1","varName":"randomnumber","comparison":"2","value":"5","iftrue":"0","iftrueVal":"1","iffalse":"2","iffalseVal":"13","name":"Check Variable"},{"channel":"0","varName":"","message":"If you think restraunts overcook steaks, you probably rarely order.","storage":"0","varName2":"","name":"Send Message"},{"storage":"1","varName":"randomnumber","comparison":"2","value":"6","iftrue":"0","iftrueVal":"1","iffalse":"2","iffalseVal":"15","name":"Check Variable"},{"channel":"0","varName":"","message":"I bet the butcher $50 that he could reach the meat off the top shelf. He said, \"no, the steaks are too high.\"","storage":"0","varName2":"","name":"Send Message"},{"storage":"1","varName":"randomnumber","comparison":"2","value":"7","iftrue":"0","iftrueVal":"1","iffalse":"2","iffalseVal":"17","name":"Check Variable"},{"channel":"0","varName":"","message":"I don’t eat steak very often, but when I do… it’s rare.","storage":"0","varName2":"","name":"Send Message"},{"storage":"1","varName":"randomnumber","comparison":"2","value":"8","iftrue":"0","iftrueVal":"1","iffalse":"2","iffalseVal":"19","name":"Check Variable"},{"channel":"0","varName":"","message":"It’s very rare to find a steak this well done by a medium.","storage":"0","varName2":"","name":"Send Message"},{"storage":"1","varName":"randomnumber","comparison":"2","value":"9","iftrue":"0","iftrueVal":"1","iffalse":"2","iffalseVal":"21","name":"Check Variable"},{"channel":"0","varName":"","message":"When the detectives on the police force observed suspects dining in the city’s best restaurant, it was their favorite steak out.","storage":"0","varName2":"","name":"Send Message"},{"storage":"1","varName":"randomnumber","comparison":"2","value":"10","iftrue":"0","iftrueVal":"","iffalse":"2","iffalseVal":"23","name":"Check Variable"},{"channel":"0","varName":"","message":"I went to a fancy restaurant at the top of a tall building… The steaks were high.","storage":"0","varName2":"","name":"Send Message"},{"name":"End Action Sequence"}]},{"name":"fx_imageonimage","permissions":"NONE","restriction":"1","actions":[{"condition":"0","comparison":"2","value":"0","iftrue":"3","iftrueVal":"2","iffalse":"0","iffalseVal":"","name":"Check Parameters"},{"channel":"0","varName":"","message":"Usage: !fx_imageonimage <imageurl> <imageurl>","storage":"0","varName2":"","name":"Send Message"},{"name":"End Action Sequence"},{"info":"0","infoIndex":"1","storage":"1","varName":"prepic","name":"Store Command Params"},{"info":"1","infoIndex":"2","storage":"1","varName":"prepic2","name":"Store Command Params"},{"url":"${tempVars(\"prepic\")}","storage":"1","varName":"pic","name":"Create Image"},{"url":"${tempVars(\"prepic2\")}","storage":"1","varName":"pic2","name":"Create Image"},{"storage":"1","varName":"pic","storage2":"1","varName2":"pic2","x":"0","y":"0","mask":"2","name":"Draw Image on Image"},{"storage":"1","varName":"pic","channel":"0","varName2":"","message":"Here is the result.","name":"Send Image"}]},{"name":"get_servericon","permissions":"NONE","restriction":"1","actions":[{"server":"0","varName":"","info":"5","storage":"1","varName2":"iconurl","name":"Store Server Info"},{"channel":"0","varName":"","message":"${tempVars(\"iconurl\")}","storage":"0","varName2":"","name":"Send Message"}]},{"name":"fun_btext","permissions":"NONE","restriction":"1","actions":[{"condition":"0","comparison":"2","value":"0","iftrue":"3","iftrueVal":"2","iffalse":"0","iffalseVal":"","name":"Check Parameters"},{"channel":"0","varName":"","message":"Usage: !fun_btext <text>","storage":"0","varName2":"","name":"Send Message"},{"name":"End Action Sequence"},{"info":"1","infoIndex":"1","storage":"1","varName":"input","name":"Store Command Params"},{"text":"${tempVars(\"input\")}","text2":"b","text3":"🅱️","info":"1","storage":"1","varName":"output","name":"Replace Text"},{"channel":"0","varName":"","message":"${tempVars(\"output\")}","storage":"0","varName2":"serverlist","name":"Send Message"}]}]